  Time                 , V(Q1:c)              
  0.000000000000e+000  ,1.292125729869e+000  
  1.000000000000e-008  ,1.292124710197e+000  
  2.000000000000e-008  ,1.292123690524e+000  
  4.000033855438e-008  ,1.292117702819e+000  
  8.000101566315e-008  ,1.292110465347e+000  
  1.600023698807e-007  ,1.292078219039e+000  
  3.200050783157e-007  ,1.291989868736e+000  
  6.400104951859e-007  ,1.291777601700e+000  
  1.280021328926e-006  ,1.291314805151e+000  
  2.280044217110e-006  ,1.290356559148e+000  
  3.280067105293e-006  ,1.289683199087e+000  
  4.280089993477e-006  ,1.288928003285e+000  
  5.280112881660e-006  ,1.288167152189e+000  
  6.280135769844e-006  ,1.287412302808e+000  
  7.280158658028e-006  ,1.286653042370e+000  
  8.280181546211e-006  ,1.285895678791e+000  
  9.280204434395e-006  ,1.285138589744e+000  
  1.028022732258e-005  ,1.284382219350e+000  
  1.128025021076e-005  ,1.283625793536e+000  
  1.228027309895e-005  ,1.282869713250e+000  
  1.328029598713e-005  ,1.282114004893e+000  
  1.428031887531e-005  ,1.281358694855e+000  
  1.528034176350e-005  ,1.280603809476e+000  
  1.628036465168e-005  ,1.279849375106e+000  
  1.728038753986e-005  ,1.279095418036e+000  
  1.828041042805e-005  ,1.278341964557e+000  
  1.928043331623e-005  ,1.277589040916e+000  
  2.028045620441e-005  ,1.276836673351e+000  
  2.128047909260e-005  ,1.276084888042e+000  
  2.228050198078e-005  ,1.275333711168e+000  
  2.328052486897e-005  ,1.274583168857e+000  
  2.428054775715e-005  ,1.273833287220e+000  
  2.528057064533e-005  ,1.273084092318e+000  
  2.628059353352e-005  ,1.272335610193e+000  
  2.728061642170e-005  ,1.271587866832e+000  
  2.828063930988e-005  ,1.270840888214e+000  
  2.928066219807e-005  ,1.270094700258e+000  
  3.028068508625e-005  ,1.269349328855e+000  
  3.128070797443e-005  ,1.268604799844e+000  
  3.228073086262e-005  ,1.267861139045e+000  
  3.328075375080e-005  ,1.267118372207e+000  
  3.428077663898e-005  ,1.266376525074e+000  
  3.528079952717e-005  ,1.265635623309e+000  
  3.628082241535e-005  ,1.264895692563e+000  
  3.728084530354e-005  ,1.264156758406e+000  
  3.828086819172e-005  ,1.263418846401e+000  
  3.928089107990e-005  ,1.262681982037e+000  
  4.028091396809e-005  ,1.261946190755e+000  
  4.128093685627e-005  ,1.261211497962e+000  
  4.228095974445e-005  ,1.260477929001e+000  
  4.328098263264e-005  ,1.259745509164e+000  
  4.428100552082e-005  ,1.259014263706e+000  
  4.528102840900e-005  ,1.258284217805e+000  
  4.628105129719e-005  ,1.257555404320e+000  
  4.728107418537e-005  ,1.256910031507e+000  
  4.828109707356e-005  ,1.256183760889e+000  
  4.928111996174e-005  ,1.255408277990e+000  
  5.028114284992e-005  ,1.254684609668e+000  
  5.128116573811e-005  ,1.254015799778e+000  
  5.228118862629e-005  ,1.253294862696e+000  
  5.328121151447e-005  ,1.252600612916e+000  
  5.428123440266e-005  ,1.251820131119e+000  
  5.528125729084e-005  ,1.251100489880e+000  
  5.628128017902e-005  ,1.250456451978e+000  
  5.728130306721e-005  ,1.249739798325e+000  
  5.828132595539e-005  ,1.248996745037e+000  
  5.928134884357e-005  ,1.248283138817e+000  
  6.028137173176e-005  ,1.247565568454e+000  
  6.128139461994e-005  ,1.246933476670e+000  
  6.228141750813e-005  ,1.246241500953e+000  
  6.328144039631e-005  ,1.245476923080e+000  
  6.428146328449e-005  ,1.244788220462e+000  
  6.528148617268e-005  ,1.244065678160e+000  
  6.628150906086e-005  ,1.243463928473e+000  
  6.728153194904e-005  ,1.242781516989e+000  
  6.828155483723e-005  ,1.242010416852e+000  
  6.928157772541e-005  ,1.241329486404e+000  
  7.028160061359e-005  ,1.240610368469e+000  
  7.128162350178e-005  ,1.240046424275e+000  
  7.228164638996e-005  ,1.239376658118e+000  
  7.328166927814e-005  ,1.238590189779e+000  
  7.428169216633e-005  ,1.237921393149e+000  
  7.528171505451e-005  ,1.237201936927e+000  
  7.628173794270e-005  ,1.236491088242e+000  
  7.728176083088e-005  ,1.236046915033e+000  
  7.828178371906e-005  ,1.235407165297e+000  
  7.928180660725e-005  ,1.234845140183e+000  
  8.028182949543e-005  ,1.233917782801e+000  
  8.128185238361e-005  ,1.232984464922e+000  
  8.228187527180e-005  ,1.232879781169e+000  
  8.328189815998e-005  ,1.232021437028e+000  
  8.428192104816e-005  ,1.231361414398e+000  
  8.528194393635e-005  ,1.230675815680e+000  
  8.628196682453e-005  ,1.229988199707e+000  
  8.728198971272e-005  ,1.229424123491e+000  
  8.828201260090e-005  ,1.228766671395e+000  
  8.928203548908e-005  ,1.228090113390e+000  
  9.028205837727e-005  ,1.227455719205e+000  
  9.128208126545e-005  ,1.226805010711e+000  
  9.228210415363e-005  ,1.226223165022e+000  
  9.328212704182e-005  ,1.225598405897e+000  
  9.428214993000e-005  ,1.224923458310e+000  
  9.528217281818e-005  ,1.224303413310e+000  
  9.628219570637e-005  ,1.223711059862e+000  
  9.728221859455e-005  ,1.223095835557e+000  
  9.828224148273e-005  ,1.222491124308e+000  
  9.928226437092e-005  ,1.221828031209e+000  
  1.002822872591e-004  ,1.221211014790e+000  
  1.012823101473e-004  ,1.220652967023e+000  
  1.022823330355e-004  ,1.220040988026e+000  
  1.032823559237e-004  ,1.219412907099e+000  
  1.042823788118e-004  ,1.218806024070e+000  
  1.052824017000e-004  ,1.218199391336e+000  
  1.062824245882e-004  ,1.217658206818e+000  
  1.072824474764e-004  ,1.217073116591e+000  
  1.082824703646e-004  ,1.216436084537e+000  
  1.092824932528e-004  ,1.215856291248e+000  
  1.102825161409e-004  ,1.215305245780e+000  
  1.112825390291e-004  ,1.214730849239e+000  
  1.122825619173e-004  ,1.214167482359e+000  
  1.132825848055e-004  ,1.213544096591e+000  
  1.142826076937e-004  ,1.212968455383e+000  
  1.152826305819e-004  ,1.212454064284e+000  
  1.162826534700e-004  ,1.211884021889e+000  
  1.172826763582e-004  ,1.211297831156e+000  
  1.182826992464e-004  ,1.210733440973e+000  
  1.192827221346e-004  ,1.210169735225e+000  
  1.202827450228e-004  ,1.209673839214e+000  
  1.212827679110e-004  ,1.209132704342e+000  
  1.222827907991e-004  ,1.208538249518e+000  
  1.232828136873e-004  ,1.208002953244e+000  
  1.242828365755e-004  ,1.207497751961e+000  
  1.252828594637e-004  ,1.206968385653e+000  
  1.262828823519e-004  ,1.206450790376e+000  
  1.272829052401e-004  ,1.205871495970e+000  
  1.282829281282e-004  ,1.205341548304e+000  
  1.292829510164e-004  ,1.204875006909e+000  
  1.302829739046e-004  ,1.204356449947e+000  
  1.312829967928e-004  ,1.203860897582e+000  
  1.322830196810e-004  ,1.203284650105e+000  
  1.332830425692e-004  ,1.202770681726e+000  
  1.342830654573e-004  ,1.202335094058e+000  
  1.352830883455e-004  ,1.201833772604e+000  
  1.362831112337e-004  ,1.201360508302e+000  
  1.372831341219e-004  ,1.200890575074e+000  
  1.382831570101e-004  ,1.200279684216e+000  
  1.392831798983e-004  ,1.199772242422e+000  
  1.402832027864e-004  ,1.199428039220e+000  
  1.412832256746e-004  ,1.198942725100e+000  
  1.422832485628e-004  ,1.198512355508e+000  
  1.432832714510e-004  ,1.198085330834e+000  
  1.442832943392e-004  ,1.197723469338e+000  
  1.452833172274e-004  ,1.197315495626e+000  
  1.462833401155e-004  ,1.196910821138e+000  
  1.472833630037e-004  ,1.196509462018e+000  
  1.482833858919e-004  ,1.196112720826e+000  
  1.492834087801e-004  ,1.194859913299e+000  
  1.502834316683e-004  ,1.194713577968e+000  
  1.512834545565e-004  ,1.194371321555e+000  
  1.522834774446e-004  ,1.193893523650e+000  
  1.532835003328e-004  ,1.193466409493e+000  
  1.542835232210e-004  ,1.193040129267e+000  
  1.552835461092e-004  ,1.192621436367e+000  
  1.562835689974e-004  ,1.192204162044e+000  
  1.572835918856e-004  ,1.191790381518e+000  
  1.582836147737e-004  ,1.191380108837e+000  
  1.592836376619e-004  ,1.190973357917e+000  
  1.602836605501e-004  ,1.190570142525e+000  
  1.612836834383e-004  ,1.190170476293e+000  
  1.622837063265e-004  ,1.189774372701e+000  
  1.632837292147e-004  ,1.189381845099e+000  
  1.642837521029e-004  ,1.188992906675e+000  
  1.652837749910e-004  ,1.188607570501e+000  
  1.662837978792e-004  ,1.188225849481e+000  
  1.672838207674e-004  ,1.187847756382e+000  
  1.682838436556e-004  ,1.187473303827e+000  
  1.692838665438e-004  ,1.187102504291e+000  
  1.702838894320e-004  ,1.186735370107e+000  
  1.712839123201e-004  ,1.186371913452e+000  
  1.722839352083e-004  ,1.186012146371e+000  
  1.732839580965e-004  ,1.185656080749e+000  
  1.742839809847e-004  ,1.185303728328e+000  
  1.752840038729e-004  ,1.184955100697e+000  
  1.762840267611e-004  ,1.184610214713e+000  
  1.772840496492e-004  ,1.184339133504e+000  
  1.782840725374e-004  ,1.183983697591e+000  
  1.792840954256e-004  ,1.183663100898e+000  
  1.802841183138e-004  ,1.183342826919e+000  
  1.812841412020e-004  ,1.183031231983e+000  
  1.822841640902e-004  ,1.182720998763e+000  
  1.832841869783e-004  ,1.182414580460e+000  
  1.842842098665e-004  ,1.182111987452e+000  
  1.852842327547e-004  ,1.181813229958e+000  
  1.862842556429e-004  ,1.181518318052e+000  
  1.872842785311e-004  ,1.181227261653e+000  
  1.882843014193e-004  ,1.180940070522e+000  
  1.892843243074e-004  ,1.180656754276e+000  
  1.902843471956e-004  ,1.180377322369e+000  
  1.912843700838e-004  ,1.180101784107e+000  
  1.922843929720e-004  ,1.179830148635e+000  
  1.932844158602e-004  ,1.179562424951e+000  
  1.942844387484e-004  ,1.179298621886e+000  
  1.952844616365e-004  ,1.179038748127e+000  
  1.962844845247e-004  ,1.178782812193e+000  
  1.972845074129e-004  ,1.178530822464e+000  
  1.982845303011e-004  ,1.178282787138e+000  
  1.992845531893e-004  ,1.178038714283e+000  
  2.002845760775e-004  ,1.177798616345e+000  
  2.012845989656e-004  ,1.177596295155e+000  
  2.022846218538e-004  ,1.177428454239e+000  
  2.032846447420e-004  ,1.177111959585e+000  
  2.042846676302e-004  ,1.176923298003e+000  
  2.052846905184e-004  ,1.176731488228e+000  
  2.062847134066e-004  ,1.176564937078e+000  
  2.072847362947e-004  ,1.176289559820e+000  
  2.082847591829e-004  ,1.176107979708e+000  
  2.092847820711e-004  ,1.175932754482e+000  
  2.102848049593e-004  ,1.175783675794e+000  
  2.112848278475e-004  ,1.175530239090e+000  
  2.122848507357e-004  ,1.175366925722e+000  
  2.132848736238e-004  ,1.175208391438e+000  
  2.142848965120e-004  ,1.175074522509e+000  
  2.152849194002e-004  ,1.174845535467e+000  
  2.162849422884e-004  ,1.174699377278e+000  
  2.172849651766e-004  ,1.174557630190e+000  
  2.182849880648e-004  ,1.174438845177e+000  
  2.192850109529e-004  ,1.174234655959e+000  
  2.202850338411e-004  ,1.174105632152e+000  
  2.212850567293e-004  ,1.173956082847e+000  
  2.222850796175e-004  ,1.173835439716e+000  
  2.232851025057e-004  ,1.173719030009e+000  
  2.242851253939e-004  ,1.173649112394e+000  
  2.252851482821e-004  ,1.173432078962e+000  
  2.262851711702e-004  ,1.173339858595e+000  
  2.272851940584e-004  ,1.173240433625e+000  
  2.282852169466e-004  ,1.173145263094e+000  
  2.292852398348e-004  ,1.173096654964e+000  
  2.302852627230e-004  ,1.172912996047e+000  
  2.312852856112e-004  ,1.172844019627e+000  
  2.322853084993e-004  ,1.172765907015e+000  
  2.332853313875e-004  ,1.172692065713e+000  
  2.342853542757e-004  ,1.172622498635e+000  
  2.352853771639e-004  ,1.172594688483e+000  
  2.362854000521e-004  ,1.172440492400e+000  
  2.372854229403e-004  ,1.172395394870e+000  
  2.382854458284e-004  ,1.172342953062e+000  
  2.392854687166e-004  ,1.172294797309e+000  
  2.402854916048e-004  ,1.172250929512e+000  
  2.412855144930e-004  ,1.172211351405e+000  
  2.422855373812e-004  ,1.172176064548e+000  
  2.432855602694e-004  ,1.172190139765e+000  
  2.442855831575e-004  ,1.172068986652e+000  
  2.452856060457e-004  ,1.172063851700e+000  
  2.462856289339e-004  ,1.172045742746e+000  
  2.472856518221e-004  ,1.172031930157e+000  
  2.482856747103e-004  ,1.172022414477e+000  
  2.492856975985e-004  ,1.172017196083e+000  
  2.502857204866e-004  ,1.172016275180e+000  
  2.512857433748e-004  ,1.172019651805e+000  
  2.522857662630e-004  ,1.172027325824e+000  
  2.532857891512e-004  ,1.172039296935e+000  
  2.542858120394e-004  ,1.172055564664e+000  
  2.552858349276e-004  ,1.172076128370e+000  
  2.562858578157e-004  ,1.172100987241e+000  
  2.572858807039e-004  ,1.172130140295e+000  
  2.582859035921e-004  ,1.172163586382e+000  
  2.592859264803e-004  ,1.172201324180e+000  
  2.602859493685e-004  ,1.172243352201e+000  
  2.612859722567e-004  ,1.172289668784e+000  
  2.622859951448e-004  ,1.172375749861e+000  
  2.632860180330e-004  ,1.172448979242e+000  
  2.642860409212e-004  ,1.172549842122e+000  
  2.652860638094e-004  ,1.172611480280e+000  
  2.662860866976e-004  ,1.172677273958e+000  
  2.672861095858e-004  ,1.172747220557e+000  
  2.682861324739e-004  ,1.172762563642e+000  
  2.692861553621e-004  ,1.172961733232e+000  
  2.702861782503e-004  ,1.173020440395e+000  
  2.712862011385e-004  ,1.173109523537e+000  
  2.722862240267e-004  ,1.173202866284e+000  
  2.732862469149e-004  ,1.173264466971e+000  
  2.742862698030e-004  ,1.173455507182e+000  
  2.752862926912e-004  ,1.173551767022e+000  
  2.762863155794e-004  ,1.173662116124e+000  
  2.772863384676e-004  ,1.173776704976e+000  
  2.782863613558e-004  ,1.173864714759e+000  
  2.792863842440e-004  ,1.174083934815e+000  
  2.802864071321e-004  ,1.174205964515e+000  
  2.812864300203e-004  ,1.174337474940e+000  
  2.822864529085e-004  ,1.174440130726e+000  
  2.832864757967e-004  ,1.174662670866e+000  
  2.842864986849e-004  ,1.174799304805e+000  
  2.852865215731e-004  ,1.174971269643e+000  
  2.862865444613e-004  ,1.175123816513e+000  
  2.872865673494e-004  ,1.175250129497e+000  
  2.882865902376e-004  ,1.175498816927e+000  
  2.892866131258e-004  ,1.175659229700e+000  
  2.902866360140e-004  ,1.175855828291e+000  
  2.912866589022e-004  ,1.176029266871e+000  
  2.922866817904e-004  ,1.176171658266e+000  
  2.932867046785e-004  ,1.176453714318e+000  
  2.942867275667e-004  ,1.176633917908e+000  
  2.952867504549e-004  ,1.176823951998e+000  
  2.962867733431e-004  ,1.177000064877e+000  
  2.972867962313e-004  ,1.177287665276e+000  
  2.982868191195e-004  ,1.177494361660e+000  
  2.992868420076e-004  ,1.177700875935e+000  
  3.002868648958e-004  ,1.177893346174e+000  
  3.012868877840e-004  ,1.178203572149e+000  
  3.022869106722e-004  ,1.178427753010e+000  
  3.032869335604e-004  ,1.178650621931e+000  
  3.042869564486e-004  ,1.178857811870e+000  
  3.052869793367e-004  ,1.179191993129e+000  
  3.062870022249e-004  ,1.179432738887e+000  
  3.072870251131e-004  ,1.179671826914e+000  
  3.082870480013e-004  ,1.179893476781e+000  
  3.092870708895e-004  ,1.180251541253e+000  
  3.102870937777e-004  ,1.180508635984e+000  
  3.112871166658e-004  ,1.180763797664e+000  
  3.122871395540e-004  ,1.180999761070e+000  
  3.132871624422e-004  ,1.181381499693e+000  
  3.142871853304e-004  ,1.181654780345e+000  
  3.152872082186e-004  ,1.181908816523e+000  
  3.162872311068e-004  ,1.182247279871e+000  
  3.172872539949e-004  ,1.182530924680e+000  
  3.182872768831e-004  ,1.182837762923e+000  
  3.192872997713e-004  ,1.183148522155e+000  
  3.202873226595e-004  ,1.183458003416e+000  
  3.212873455477e-004  ,1.183775216711e+000  
  3.222873684359e-004  ,1.184096210815e+000  
  3.232873913240e-004  ,1.184483213170e+000  
  3.242874142122e-004  ,1.184811713502e+000  
  3.252874371004e-004  ,1.185121292969e+000  
  3.262874599886e-004  ,1.185486865334e+000  
  3.272874828768e-004  ,1.185803894240e+000  
  3.282875057650e-004  ,1.186168141184e+000  
  3.292875286531e-004  ,1.186520152329e+000  
  3.302875515413e-004  ,1.186875955686e+000  
  3.312875744295e-004  ,1.187226569410e+000  
  3.322875973177e-004  ,1.187657904373e+000  
  3.332876202059e-004  ,1.188023119596e+000  
  3.342876430941e-004  ,1.188366487778e+000  
  3.352876659822e-004  ,1.188772052428e+000  
  3.362876888704e-004  ,1.189122648318e+000  
  3.372877117586e-004  ,1.189525459682e+000  
  3.382877346468e-004  ,1.189914065189e+000  
  3.392877575350e-004  ,1.190306348569e+000  
  3.402877804232e-004  ,1.190747796156e+000  
  3.412878033113e-004  ,1.191161267730e+000  
  3.422878261995e-004  ,1.191526173744e+000  
  3.432878490877e-004  ,1.191973841616e+000  
  3.442878719759e-004  ,1.192345758541e+000  
  3.452878948641e-004  ,1.192785495784e+000  
  3.462879177523e-004  ,1.193205621102e+000  
  3.472879406405e-004  ,1.193629309643e+000  
  3.482879635286e-004  ,1.194104183504e+000  
  3.492879864168e-004  ,1.194549490875e+000  
  3.502880093050e-004  ,1.194943502021e+000  
  3.512880321932e-004  ,1.195423714965e+000  
  3.522880550814e-004  ,1.195824503437e+000  
  3.532880779696e-004  ,1.196295980732e+000  
  3.542881008577e-004  ,1.196746595857e+000  
  3.552881237459e-004  ,1.197200650850e+000  
  3.562881466341e-004  ,1.197708518285e+000  
  3.572881695223e-004  ,1.198184813228e+000  
  3.582881924105e-004  ,1.198605958575e+000  
  3.592882152987e-004  ,1.199088822304e+000  
  3.602882381868e-004  ,1.199591592736e+000  
  3.612882610750e-004  ,1.200080942101e+000  
  3.622882839632e-004  ,1.200575657982e+000  
  3.632883068514e-004  ,1.201017641067e+000  
  3.642883297396e-004  ,1.201548315514e+000  
  3.652883526278e-004  ,1.201996660625e+000  
  3.662883755159e-004  ,1.202516696474e+000  
  3.672883984041e-004  ,1.203015581751e+000  
  3.682884212923e-004  ,1.203517682246e+000  
  3.692884441805e-004  ,1.204013842941e+000  
  3.702884670687e-004  ,1.204591627324e+000  
  3.712884899569e-004  ,1.205101397585e+000  
  3.722885128450e-004  ,1.205587442610e+000  
  3.732885357332e-004  ,1.206103308174e+000  
  3.742885586214e-004  ,1.206673822716e+000  
  3.752885815096e-004  ,1.207195689377e+000  
  3.762886043978e-004  ,1.207748624731e+000  
  3.772886272860e-004  ,1.208238357548e+000  
  3.782886501741e-004  ,1.208773649759e+000  
  3.792886730623e-004  ,1.209366542465e+000  
  3.802886959505e-004  ,1.209907653218e+000  
  3.812887188387e-004  ,1.210433844000e+000  
  3.822887417269e-004  ,1.210980715890e+000  
  3.832887646151e-004  ,1.211528405897e+000  
  3.842887875032e-004  ,1.212139961020e+000  
  3.852888103914e-004  ,1.212709043371e+000  
  3.862888332796e-004  ,1.213228272142e+000  
  3.872888561678e-004  ,1.213802931227e+000  
  3.882888790560e-004  ,1.214405941999e+000  
  3.892889019442e-004  ,1.214986076540e+000  
  3.902889248323e-004  ,1.215577258388e+000  
  3.912889477205e-004  ,1.216110341106e+000  
  3.922889706087e-004  ,1.216689626579e+000  
  3.932889934969e-004  ,1.217328079037e+000  
  3.942890163851e-004  ,1.217912638838e+000  
  3.952890392733e-004  ,1.218481447124e+000  
  3.962890621614e-004  ,1.219071219680e+000  
  3.972890850496e-004  ,1.219661411626e+000  
  3.982891079378e-004  ,1.220316810252e+000  
  3.992891308260e-004  ,1.220928270256e+000  
  4.002891537142e-004  ,1.221487798590e+000  
  4.012891766024e-004  ,1.222104272418e+000  
  4.022891994905e-004  ,1.222749090305e+000  
  4.032892223787e-004  ,1.223370468570e+000  
  4.042892452669e-004  ,1.224002441497e+000  
  4.052892681551e-004  ,1.224574087668e+000  
  4.062892910433e-004  ,1.225193143825e+000  
  4.072893139315e-004  ,1.225872626408e+000  
  4.082893368197e-004  ,1.226496371281e+000  
  4.092893597078e-004  ,1.227102974343e+000  
  4.102893825960e-004  ,1.227731342519e+000  
  4.112894054842e-004  ,1.228359337214e+000  
  4.122894283724e-004  ,1.229054142362e+000  
  4.132894512606e-004  ,1.229703405022e+000  
  4.142894741488e-004  ,1.230298486146e+000  
  4.152894970369e-004  ,1.230952160115e+000  
  4.162895199251e-004  ,1.231634191964e+000  
  4.172895428133e-004  ,1.232292160474e+000  
  4.182895657015e-004  ,1.232960250014e+000  
  4.192895885897e-004  ,1.233565591495e+000  
  4.202896114779e-004  ,1.234219662545e+000  
  4.212896343660e-004  ,1.234935542459e+000  
  4.222896572542e-004  ,1.235593671852e+000  
  4.232896801424e-004  ,1.236283658457e+000  
  4.242897030306e-004  ,1.236885713342e+000  
  4.252897259188e-004  ,1.237549727044e+000  
  4.262897488070e-004  ,1.238290733878e+000  
  4.272897716951e-004  ,1.238958576892e+000  
  4.282897945833e-004  ,1.239600709566e+000  
  4.292898174715e-004  ,1.240272315476e+000  
  4.302898403597e-004  ,1.240940622000e+000  
  4.312898632479e-004  ,1.241695349335e+000  
  4.322898861361e-004  ,1.242389683100e+000  
  4.332899090242e-004  ,1.243011162687e+000  
  4.342899319124e-004  ,1.243709019523e+000  
  4.352899548006e-004  ,1.244372931638e+000  
  4.362899776888e-004  ,1.245158542870e+000  
  4.372900005770e-004  ,1.245864716817e+000  
  4.382900234652e-004  ,1.246475883907e+000  
  4.392900463533e-004  ,1.247178349273e+000  
  4.402900692415e-004  ,1.247850140613e+000  
  4.412900921297e-004  ,1.248671660602e+000  
  4.422901150179e-004  ,1.249389821847e+000  
  4.432901379061e-004  ,1.250144671177e+000  
  4.442901607943e-004  ,1.250656472373e+000  
  4.452901836824e-004  ,1.251349551806e+000  
  4.462902065706e-004  ,1.251976496850e+000  
  4.472902294588e-004  ,1.252605873242e+000  
  4.482902523470e-004  ,1.253807001878e+000  
  4.492902752352e-004  ,1.254612049405e+000  
  4.502902981234e-004  ,1.254799435607e+000  
  4.512903210115e-004  ,1.255716263534e+000  
  4.522903438997e-004  ,1.256444051784e+000  
  4.532903667879e-004  ,1.257202690074e+000  
  4.542903896761e-004  ,1.257966205333e+000  
  4.552904125643e-004  ,1.258613245904e+000  
  4.562904354525e-004  ,1.259372236651e+000  
  4.572904583406e-004  ,1.260106217302e+000  
  4.582904812288e-004  ,1.260867541772e+000  
  4.592905041170e-004  ,1.261597804528e+000  
  4.602905270052e-004  ,1.262272924328e+000  
  4.612905498934e-004  ,1.262999389023e+000  
  4.622905727816e-004  ,1.263792111116e+000  
  4.632905956697e-004  ,1.264520645351e+000  
  4.642906185579e-004  ,1.265226976005e+000  
  4.652906414461e-004  ,1.265957505543e+000  
  4.662906643343e-004  ,1.266684860131e+000  
  4.672906872225e-004  ,1.267485283536e+000  
  4.682907101107e-004  ,1.268233513528e+000  
  4.692907329989e-004  ,1.268918101931e+000  
  4.702907558870e-004  ,1.269668079700e+000  
  4.712907787752e-004  ,1.270446288015e+000  
  4.722908016634e-004  ,1.271197874810e+000  
  4.732908245516e-004  ,1.271957449008e+000  
  4.742908474398e-004  ,1.272644121848e+000  
  4.752908703280e-004  ,1.273384976649e+000  
  4.762908932161e-004  ,1.274193343724e+000  
  4.772909161043e-004  ,1.274935543901e+000  
  4.782909389925e-004  ,1.275652703311e+000  
  4.792909618807e-004  ,1.276396173718e+000  
  4.802909847689e-004  ,1.277134770436e+000  
  4.812910076571e-004  ,1.277949289442e+000  
  4.822910305452e-004  ,1.278709170307e+000  
  4.832910534334e-004  ,1.279402089615e+000  
  4.842910763216e-004  ,1.280162988701e+000  
  4.852910992098e-004  ,1.280952407101e+000  
  4.862911220980e-004  ,1.281714182043e+000  
  4.872911449862e-004  ,1.282483450621e+000  
  4.882911678743e-004  ,1.283176186724e+000  
  4.892911907625e-004  ,1.283925218325e+000  
  4.902912136507e-004  ,1.284744094838e+000  
  4.912912365389e-004  ,1.285493734917e+000  
  4.922912594271e-004  ,1.286216285522e+000  
  4.932912823153e-004  ,1.286966457880e+000  
  4.942913052034e-004  ,1.287710696691e+000  
  4.952913280916e-004  ,1.288533744954e+000  
  4.962913509798e-004  ,1.289299515227e+000  
  4.972913738680e-004  ,1.289994724877e+000  
  4.982913967562e-004  ,1.290760760619e+000  
  4.992914196444e-004  ,1.291492568179e+000  
  5.002914425325e-004  ,1.292335548261e+000  
  5.012914654207e-004  ,1.293103777167e+000  
  5.022914883089e-004  ,1.293781045043e+000  
  5.032915111971e-004  ,1.294542397057e+000  
  5.042915340853e-004  ,1.295273395906e+000  
  5.052915569735e-004  ,1.296140876269e+000  
  5.062915798616e-004  ,1.296911660903e+000  
  5.072916027498e-004  ,1.297564612258e+000  
  5.082916256380e-004  ,1.298326187682e+000  
  5.092916485262e-004  ,1.299048399480e+000  
  5.102916714144e-004  ,1.299946776033e+000  
  5.112916943026e-004  ,1.300720156785e+000  
  5.122917171907e-004  ,1.301341101359e+000  
  5.132917400789e-004  ,1.302102336369e+000  
  5.142917629671e-004  ,1.302812473953e+000  
  5.152917858553e-004  ,1.303522230490e+000  
  5.162918087435e-004  ,1.304163785182e+000  
  5.172918316317e-004  ,1.304858957495e+000  
  5.182918545198e-004  ,1.305554637129e+000  
  5.192918774080e-004  ,1.306989955687e+000  
  5.202919002962e-004  ,1.307216453717e+000  
  5.212919231844e-004  ,1.308165403784e+000  
  5.222919460726e-004  ,1.308923925943e+000  
  5.232919689608e-004  ,1.309656627008e+000  
  5.242919918489e-004  ,1.310496281192e+000  
  5.252920147371e-004  ,1.311238134404e+000  
  5.262920376253e-004  ,1.311936781935e+000  
  5.272920605135e-004  ,1.312677371147e+000  
  5.282920834017e-004  ,1.313482638625e+000  
  5.292921062899e-004  ,1.314221813860e+000  
  5.302921291780e-004  ,1.314993471672e+000  
  5.312921520662e-004  ,1.315668860164e+000  
  5.322921749544e-004  ,1.316406819283e+000  
  5.332921978426e-004  ,1.317220236255e+000  
  5.342922207308e-004  ,1.317956518849e+000  
  5.352922436190e-004  ,1.318659173191e+000  
  5.362922665072e-004  ,1.319393707360e+000  
  5.372922893953e-004  ,1.320118674815e+000  
  5.382923122835e-004  ,1.320930428337e+000  
  5.392923351717e-004  ,1.321677546527e+000  
  5.402923580599e-004  ,1.322343965308e+000  
  5.412923809481e-004  ,1.323089085379e+000  
  5.422924038363e-004  ,1.323863887021e+000  
  5.432924267244e-004  ,1.324606862075e+000  
  5.442924496126e-004  ,1.325355268825e+000  
  5.452924725008e-004  ,1.326012156219e+000  
  5.462924953890e-004  ,1.326802815869e+000  
  5.472925182772e-004  ,1.327457371322e+000  
  5.482925411654e-004  ,1.328217209574e+000  
  5.492925640535e-004  ,1.328938282923e+000  
  5.502925869417e-004  ,1.329658068926e+000  
  5.512926098299e-004  ,1.330366940620e+000  
  5.522926327181e-004  ,1.331082706163e+000  
  5.532926556063e-004  ,1.331797153530e+000  
  5.542926784945e-004  ,1.332605862138e+000  
  5.552927013826e-004  ,1.333317531706e+000  
  5.562927242708e-004  ,1.333973354995e+000  
  5.572927471590e-004  ,1.334682200487e+000  
  5.582927700472e-004  ,1.335450499124e+000  
  5.592927929354e-004  ,1.336156373808e+000  
  5.602928158236e-004  ,1.336889297287e+000  
  5.612928387117e-004  ,1.337519667790e+000  
  5.622928615999e-004  ,1.338288673649e+000  
  5.632928844881e-004  ,1.338915896601e+000  
  5.642929073763e-004  ,1.339651610877e+000  
  5.652929302645e-004  ,1.340347070293e+000  
  5.662929531527e-004  ,1.341040825791e+000  
  5.672929760408e-004  ,1.341723938317e+000  
  5.682929989290e-004  ,1.342412982174e+000  
  5.692930218172e-004  ,1.343100295133e+000  
  5.702930447054e-004  ,1.343785863119e+000  
  5.712930675936e-004  ,1.344566438648e+000  
  5.722930904818e-004  ,1.345248377609e+000  
  5.732931133699e-004  ,1.345869690725e+000  
  5.742931362581e-004  ,1.346598311739e+000  
  5.752931591463e-004  ,1.347215886683e+000  
  5.762931820345e-004  ,1.347920116298e+000  
  5.772932049227e-004  ,1.348590177591e+000  
  5.782932278109e-004  ,1.349258232974e+000  
  5.792932506990e-004  ,1.349912566027e+000  
  5.802932735872e-004  ,1.350574989270e+000  
  5.812932964754e-004  ,1.351338433586e+000  
  5.822933193636e-004  ,1.351996743516e+000  
  5.832933422518e-004  ,1.352595845401e+000  
  5.842933651400e-004  ,1.353302867953e+000  
  5.852933880281e-004  ,1.353897752829e+000  
  5.862934109163e-004  ,1.354579382588e+000  
  5.872934338045e-004  ,1.355226610686e+000  
  5.882934566927e-004  ,1.355871589292e+000  
  5.892934795809e-004  ,1.356503213595e+000  
  5.902935024691e-004  ,1.357142187535e+000  
  5.912935253572e-004  ,1.357876318432e+000  
  5.922935482454e-004  ,1.358510715169e+000  
  5.932935711336e-004  ,1.359088100413e+000  
  5.942935940218e-004  ,1.359767781573e+000  
  5.952936169100e-004  ,1.360340487336e+000  
  5.962936397982e-004  ,1.360995369411e+000  
  5.972936626863e-004  ,1.361617162478e+000  
  5.982936855745e-004  ,1.362236471024e+000  
  5.992937084627e-004  ,1.362842801724e+000  
  6.002937313509e-004  ,1.363455746338e+000  
  6.012937542391e-004  ,1.364066220402e+000  
  6.022937771273e-004  ,1.364775692717e+000  
  6.032938000154e-004  ,1.365381093009e+000  
  6.042938229036e-004  ,1.365922919346e+000  
  6.052938457918e-004  ,1.366578362462e+000  
  6.062938686800e-004  ,1.367115020269e+000  
  6.072938915682e-004  ,1.367741808539e+000  
  6.082939144564e-004  ,1.368332736082e+000  
  6.092939373446e-004  ,1.368920931650e+000  
  6.102939602327e-004  ,1.369496750155e+000  
  6.112939831209e-004  ,1.370078226904e+000  
  6.122940060091e-004  ,1.370656984065e+000  
  6.132940288973e-004  ,1.371233012204e+000  
  6.142940517855e-004  ,1.371907053936e+000  
  6.152940746737e-004  ,1.372477496730e+000  
  6.162940975618e-004  ,1.372981032654e+000  
  6.172941204500e-004  ,1.373574873025e+000  
  6.182941433382e-004  ,1.374131028689e+000  
  6.192941662264e-004  ,1.374691694237e+000  
  6.202941891146e-004  ,1.375239285419e+000  
  6.212942120028e-004  ,1.375789067455e+000  
  6.222942348909e-004  ,1.376335925256e+000  
  6.232942577791e-004  ,1.376879838969e+000  
  6.242942806673e-004  ,1.377420788833e+000  
  6.252943035555e-004  ,1.377958755218e+000  
  6.262943264437e-004  ,1.378493718592e+000  
  6.272943493319e-004  ,1.379025659554e+000  
  6.282943722200e-004  ,1.379554571579e+000  
  6.292943951082e-004  ,1.380186394865e+000  
  6.302944179964e-004  ,1.380709122309e+000  
  6.312944408846e-004  ,1.381153726598e+000  
  6.322944637728e-004  ,1.381702266658e+000  
  6.332944866610e-004  ,1.382208908406e+000  
  6.342945095491e-004  ,1.382718574366e+000  
  6.352945324373e-004  ,1.383216402518e+000  
  6.362945553255e-004  ,1.383715371811e+000  
  6.372945782137e-004  ,1.384211131656e+000  
  6.382946011019e-004  ,1.384703664016e+000  
  6.392946239901e-004  ,1.385192950966e+000  
  6.402946468782e-004  ,1.385678974716e+000  
  6.412946697664e-004  ,1.386161724552e+000  
  6.422946926546e-004  ,1.386708747248e+000  
  6.432947155428e-004  ,1.387184846074e+000  
  6.442947384310e-004  ,1.387688198143e+000  
  6.452947613192e-004  ,1.388118126876e+000  
  6.462947842073e-004  ,1.388485287380e+000  
  6.472948070955e-004  ,1.389122304919e+000  
  6.482948299837e-004  ,1.389539993709e+000  
  6.492948528719e-004  ,1.389955978484e+000  
  6.502948757601e-004  ,1.390320986489e+000  
  6.512948986483e-004  ,1.390926982770e+000  
  6.522949215364e-004  ,1.391335671334e+000  
  6.532949444246e-004  ,1.391737441251e+000  
  6.542949673128e-004  ,1.392090486308e+000  
  6.552949902010e-004  ,1.392674642538e+000  
  6.562950130892e-004  ,1.393069142185e+000  
  6.572950359774e-004  ,1.393456435222e+000  
  6.582950588655e-004  ,1.393796469557e+000  
  6.592950817537e-004  ,1.394359225999e+000  
  6.602951046419e-004  ,1.394738859691e+000  
  6.612951275301e-004  ,1.395111423112e+000  
  6.622951504183e-004  ,1.395438154585e+000  
  6.632951733065e-004  ,1.395979217787e+000  
  6.642951961946e-004  ,1.396343702319e+000  
  6.652952190828e-004  ,1.396701292864e+000  
  6.662952419710e-004  ,1.397014501816e+000  
  6.672952648592e-004  ,1.397533528286e+000  
  6.682952877474e-004  ,1.397882623069e+000  
  6.692953106356e-004  ,1.398225007135e+000  
  6.702953335237e-004  ,1.398524488118e+000  
  6.712953564119e-004  ,1.399021143010e+000  
  6.722953793001e-004  ,1.399354620193e+000  
  6.732954021883e-004  ,1.399681573998e+000  
  6.742954250765e-004  ,1.399967130906e+000  
  6.752954479647e-004  ,1.400441093272e+000  
  6.762954708528e-004  ,1.400758735309e+000  
  6.772954937410e-004  ,1.401070045054e+000  
  6.782955166292e-004  ,1.401341490853e+000  
  6.792955395174e-004  ,1.401792454259e+000  
  6.802955624056e-004  ,1.402094053885e+000  
  6.812955852938e-004  ,1.402389515908e+000  
  6.822956081820e-004  ,1.402646672726e+000  
  6.832956310701e-004  ,1.403074345524e+000  
  6.842956539583e-004  ,1.403359705844e+000  
  6.852956768465e-004  ,1.403639126767e+000  
  6.862956997347e-004  ,1.403881826025e+000  
  6.872957226229e-004  ,1.404285931545e+000  
  6.882957455111e-004  ,1.404554854227e+000  
  6.892957683992e-004  ,1.404865477390e+000  
  6.902957912874e-004  ,1.405124591533e+000  
  6.912958141756e-004  ,1.405308200584e+000  
  6.922958370638e-004  ,1.405723282061e+000  
  6.932958599520e-004  ,1.405950449726e+000  
  6.942958828402e-004  ,1.406237068881e+000  
  6.952959057283e-004  ,1.406475610349e+000  
  6.962959286165e-004  ,1.406710000655e+000  
  6.972959515047e-004  ,1.406863852094e+000  
  6.982959743929e-004  ,1.407296395926e+000  
  6.992959972811e-004  ,1.407499154990e+000  
  7.002960201693e-004  ,1.407716879596e+000  
  7.012960430574e-004  ,1.407930407843e+000  
  7.022960659456e-004  ,1.408059040009e+000  
  7.032960888338e-004  ,1.408463370618e+000  
  7.042961117220e-004  ,1.408641098922e+000  
  7.052961346102e-004  ,1.408837783481e+000  
  7.062961574984e-004  ,1.409030230666e+000  
  7.072961803865e-004  ,1.409143806210e+000  
  7.082962032747e-004  ,1.409509215048e+000  
  7.092962261629e-004  ,1.409667024361e+000  
  7.102962490511e-004  ,1.409842467301e+000  
  7.112962719393e-004  ,1.410013636080e+000  
  7.122962948275e-004  ,1.410112918690e+000  
  7.132963177156e-004  ,1.410438156212e+000  
  7.142963406038e-004  ,1.410576338001e+000  
  7.152963634920e-004  ,1.410730359465e+000  
  7.162963863802e-004  ,1.410880074249e+000  
  7.172964092684e-004  ,1.411025476440e+000  
  7.182964321566e-004  ,1.411102221146e+000  
  7.192964550447e-004  ,1.411413920362e+000  
  7.202964779329e-004  ,1.411528698794e+000  
  7.212965008211e-004  ,1.411656808168e+000  
  7.222965237093e-004  ,1.411780577505e+000  
  7.232965465975e-004  ,1.411900001920e+000  
  7.242965694857e-004  ,1.412015076698e+000  
  7.252965923738e-004  ,1.412038687589e+000  
  7.262966152620e-004  ,1.412344919227e+000  
  7.272966381502e-004  ,1.412416847772e+000  
  7.282966610384e-004  ,1.412514489705e+000  
  7.292966839266e-004  ,1.412607760585e+000  
  7.302967068148e-004  ,1.412696656728e+000  
  7.312967297029e-004  ,1.412781174626e+000  
  7.322967525911e-004  ,1.412861310941e+000  
  7.332967754793e-004  ,1.412838760490e+000  
  7.342967983675e-004  ,1.413107243900e+000  
  7.352968212557e-004  ,1.413135904342e+000  
  7.362968441439e-004  ,1.413198489307e+000  
  7.372968670320e-004  ,1.413256678260e+000  
  7.382968899202e-004  ,1.413310468903e+000  
  7.392969128084e-004  ,1.413359859112e+000  
  7.402969356966e-004  ,1.413404846938e+000  
  7.412969585848e-004  ,1.413445430605e+000  
  7.422969814730e-004  ,1.413481608510e+000  
  7.432970043611e-004  ,1.413513379226e+000  
  7.442970272493e-004  ,1.413540741496e+000  
  7.452970501375e-004  ,1.413563694243e+000  
  7.462970730257e-004  ,1.413582236558e+000  
  7.472970959139e-004  ,1.413596367711e+000  
  7.482971188021e-004  ,1.413606087143e+000  
  7.492971416902e-004  ,1.413611394470e+000  
  7.502971645784e-004  ,1.413612289484e+000  
  7.512971874666e-004  ,1.413608772148e+000  
  7.522972103548e-004  ,1.413600842602e+000  
  7.532972332430e-004  ,1.413588501158e+000  
  7.542972561312e-004  ,1.413571748304e+000  
  7.552972790194e-004  ,1.413550584702e+000  
  7.562973019075e-004  ,1.413525011186e+000  
  7.572973247957e-004  ,1.413495028767e+000  
  7.582973476839e-004  ,1.413460638628e+000  
  7.592973705721e-004  ,1.413421842127e+000  
  7.602973934603e-004  ,1.413378640795e+000  
  7.612974163485e-004  ,1.413331036339e+000  
  7.622974392366e-004  ,1.413279030637e+000  
  7.632974621248e-004  ,1.413222625743e+000  
  7.642974850130e-004  ,1.413161823884e+000  
  7.652975079012e-004  ,1.413096627459e+000  
  7.662975307894e-004  ,1.413027039044e+000  
  7.672975536776e-004  ,1.412953061386e+000  
  7.682975765657e-004  ,1.412874697404e+000  
  7.692975994539e-004  ,1.412791950193e+000  
  7.702976223421e-004  ,1.412704823020e+000  
  7.712976452303e-004  ,1.412545610070e+000  
  7.722976681185e-004  ,1.412418901122e+000  
  7.732976910067e-004  ,1.412239247465e+000  
  7.742977138948e-004  ,1.412137541373e+000  
  7.752977367830e-004  ,1.412031595341e+000  
  7.762977596712e-004  ,1.411921413550e+000  
  7.772977825594e-004  ,1.411807000352e+000  
  7.782978054476e-004  ,1.411803545630e+000  
  7.792978283358e-004  ,1.411443558144e+000  
  7.802978512239e-004  ,1.411365128507e+000  
  7.812978741121e-004  ,1.411230112671e+000  
  7.822978970003e-004  ,1.411090770352e+000  
  7.832979198885e-004  ,1.410947107049e+000  
  7.842979427767e-004  ,1.410883134425e+000  
  7.852979656649e-004  ,1.410541433100e+000  
  7.862979885530e-004  ,1.410412656892e+000  
  7.872980114412e-004  ,1.410251784721e+000  
  7.882980343294e-004  ,1.410086622071e+000  
  7.892980572176e-004  ,1.409992073993e+000  
  7.902980801058e-004  ,1.409652286372e+000  
  7.912981029940e-004  ,1.409498223450e+000  
  7.922981258821e-004  ,1.409315983883e+000  
  7.932981487703e-004  ,1.409129488551e+000  
  7.942981716585e-004  ,1.408994413103e+000  
  7.952981945467e-004  ,1.408640773688e+000  
  7.962982174349e-004  ,1.408453746953e+000  
  7.972982403231e-004  ,1.408250326947e+000  
  7.982982632112e-004  ,1.408042690144e+000  
  7.992982860994e-004  ,1.407891498373e+000  
  8.002983089876e-004  ,1.407500097062e+000  
  8.012983318758e-004  ,1.407292777839e+000  
  8.022983547640e-004  ,1.407068385779e+000  
  8.032983776522e-004  ,1.406839820094e+000  
  8.042984005403e-004  ,1.406674731477e+000  
  8.052984234285e-004  ,1.406243899835e+000  
  8.062984463167e-004  ,1.406017560878e+000  
  8.072984692049e-004  ,1.405772426530e+000  
  8.082984920931e-004  ,1.405590871770e+000  
  8.092985149813e-004  ,1.405180996813e+000  
  8.102985378694e-004  ,1.404941551863e+000  
  8.112985607576e-004  ,1.404637764144e+000  
  8.122985836458e-004  ,1.404372138174e+000  
  8.132986065340e-004  ,1.404161892693e+000  
  8.142986294222e-004  ,1.403732493535e+000  
  8.152986523104e-004  ,1.403467095447e+000  
  8.162986751985e-004  ,1.403139524381e+000  
  8.172986980867e-004  ,1.402853678730e+000  
  8.182987209749e-004  ,1.402627409135e+000  
  8.192987438631e-004  ,1.402166474175e+000  
  8.202987667513e-004  ,1.401881795747e+000  
  8.212987896395e-004  ,1.401530776521e+000  
  8.222988125276e-004  ,1.401225003515e+000  
  8.232988354158e-004  ,1.400983996082e+000  
  8.242988583040e-004  ,1.400490937506e+000  
  8.252988811922e-004  ,1.400187824810e+000  
  8.262989040804e-004  ,1.399866333211e+000  
  8.272989269686e-004  ,1.399574425505e+000  
  8.282989498568e-004  ,1.399095307007e+000  
  8.292989727449e-004  ,1.398757457869e+000  
  8.302989956331e-004  ,1.398420458515e+000  
  8.312990185213e-004  ,1.398111620374e+000  
  8.322990414095e-004  ,1.397612977686e+000  
  8.332990642977e-004  ,1.397257980956e+000  
  8.342990871859e-004  ,1.396905694157e+000  
  8.352991100740e-004  ,1.396583003861e+000  
  8.362991329622e-004  ,1.396062283515e+000  
  8.372991558504e-004  ,1.395691849418e+000  
  8.382991787386e-004  ,1.395324505315e+000  
  8.392992016268e-004  ,1.394988418954e+000  
  8.402992245150e-004  ,1.394445712468e+000  
  8.412992474031e-004  ,1.394060208275e+000  
  8.422992702913e-004  ,1.393678046725e+000  
  8.432992931795e-004  ,1.393328804931e+000  
  8.442993160677e-004  ,1.392764441972e+000  
  8.452993389559e-004  ,1.392364129418e+000  
  8.462993618441e-004  ,1.391967399820e+000  
  8.472993847322e-004  ,1.391605232606e+000  
  8.482994076204e-004  ,1.391019575774e+000  
  8.492994305086e-004  ,1.390604716301e+000  
  8.502994533968e-004  ,1.390193677424e+000  
  8.512994762850e-004  ,1.389818821488e+000  
  8.522994991732e-004  ,1.389212248609e+000  
  8.532995220613e-004  ,1.388783112138e+000  
  8.542995449495e-004  ,1.388358031935e+000  
  8.552995678377e-004  ,1.387970731976e+000  
  8.562995907259e-004  ,1.387343634357e+000  
  8.572996136141e-004  ,1.386900499876e+000  
  8.582996365023e-004  ,1.386461655291e+000  
  8.592996593904e-004  ,1.386062163963e+000  
  8.602996822786e-004  ,1.385414945991e+000  
  8.612997051668e-004  ,1.384958101420e+000  
  8.622997280550e-004  ,1.384505778196e+000  
  8.632997509432e-004  ,1.384094355933e+000  
  8.642997738314e-004  ,1.383427434794e+000  
  8.652997967195e-004  ,1.382957176791e+000  
  8.662998196077e-004  ,1.382524309759e+000  
  8.672998424959e-004  ,1.381945443014e+000  
  8.682998653841e-004  ,1.381467988717e+000  
  8.692998882723e-004  ,1.380952895695e+000  
  8.702999111605e-004  ,1.380434607628e+000  
  8.712999340486e-004  ,1.379920103800e+000  
  8.722999569368e-004  ,1.379397123532e+000  
  8.732999798250e-004  ,1.378871093858e+000  
  8.743000027132e-004  ,1.378342033976e+000  
  8.753000256014e-004  ,1.377809976776e+000  
  8.763000484896e-004  ,1.377165717806e+000  
  8.773000713777e-004  ,1.376627656394e+000  
  8.783000942659e-004  ,1.376140173408e+000  
  8.793001171541e-004  ,1.375563173730e+000  
  8.803001400423e-004  ,1.375016100109e+000  
  8.813001629305e-004  ,1.374457840237e+000  
  8.823001858187e-004  ,1.373908523038e+000  
  8.833002087068e-004  ,1.373350446450e+000  
  8.843002315950e-004  ,1.372789538267e+000  
  8.853002544832e-004  ,1.372225832293e+000  
  8.863002773714e-004  ,1.371550974094e+000  
  8.873003002596e-004  ,1.370981666490e+000  
  8.883003231478e-004  ,1.370459059246e+000  
  8.893003460359e-004  ,1.369828593347e+000  
  8.903003689241e-004  ,1.369300544890e+000  
  8.913003918123e-004  ,1.368684677895e+000  
  8.923004147005e-004  ,1.368096765111e+000  
  8.933004375887e-004  ,1.367506133284e+000  
  8.943004604769e-004  ,1.366925182155e+000  
  8.953004833650e-004  ,1.366331371178e+000  
  8.963005062532e-004  ,1.365621757586e+000  
  8.973005291414e-004  ,1.365022765241e+000  
  8.983005520296e-004  ,1.364473803595e+000  
  8.993005749178e-004  ,1.363811437312e+000  
  9.003005978060e-004  ,1.363257464504e+000  
  9.013006206942e-004  ,1.362611303684e+000  
  9.023006435823e-004  ,1.361994959648e+000  
  9.033006664705e-004  ,1.361376121629e+000  
  9.043006893587e-004  ,1.360767634645e+000  
  9.053007122469e-004  ,1.360046466520e+000  
  9.063007351351e-004  ,1.359422546281e+000  
  9.073007580233e-004  ,1.358838793957e+000  
  9.083007809114e-004  ,1.358162953844e+000  
  9.093008037996e-004  ,1.357574595632e+000  
  9.103008266878e-004  ,1.356909685038e+000  
  9.113008495760e-004  ,1.356269871284e+000  
  9.123008724642e-004  ,1.355627774343e+000  
  9.133008953524e-004  ,1.354996771998e+000  
  9.143009182405e-004  ,1.354248672555e+000  
  9.153009411287e-004  ,1.353602153273e+000  
  9.163009640169e-004  ,1.352998773437e+000  
  9.173009869051e-004  ,1.352298406634e+000  
  9.183010097933e-004  ,1.351690838826e+000  
  9.193010326815e-004  ,1.351002905696e+000  
  9.203010555696e-004  ,1.350341707623e+000  
  9.213010784578e-004  ,1.349678444203e+000  
  9.223011013460e-004  ,1.349026796987e+000  
  9.233011242342e-004  ,1.348255643564e+000  
  9.243011471224e-004  ,1.347588632141e+000  
  9.253011700106e-004  ,1.346966457112e+000  
  9.263011928987e-004  ,1.346244973791e+000  
  9.273012157869e-004  ,1.345619041688e+000  
  9.283012386751e-004  ,1.344910871993e+000  
  9.293012615633e-004  ,1.344230439526e+000  
  9.303012844515e-004  ,1.343548165864e+000  
  9.313013073397e-004  ,1.342878009852e+000  
  9.323013302278e-004  ,1.342086168811e+000  
  9.333013531160e-004  ,1.341400832686e+000  
  9.343013760042e-004  ,1.340761986746e+000  
  9.353013988924e-004  ,1.340021627552e+000  
  9.363014217806e-004  ,1.339379466787e+000  
  9.373014446688e-004  ,1.338653308912e+000  
  9.383014675569e-004  ,1.337955850666e+000  
  9.393014904451e-004  ,1.337256790770e+000  
  9.403015133333e-004  ,1.336487052758e+000  
  9.413015362215e-004  ,1.335763332434e+000  
  9.423015591097e-004  ,1.335124188725e+000  
  9.433015819979e-004  ,1.334397523572e+000  
  9.443016048860e-004  ,1.333650328807e+000  
  9.453016277742e-004  ,1.332920782023e+000  
  9.463016506624e-004  ,1.332190868971e+000  
  9.473016735506e-004  ,1.331540954694e+000  
  9.483016964388e-004  ,1.330764131211e+000  
  9.493017193270e-004  ,1.330111556263e+000  
  9.503017422151e-004  ,1.329357870275e+000  
  9.513017651033e-004  ,1.328638235540e+000  
  9.523017879915e-004  ,1.327917329196e+000  
  9.533018108797e-004  ,1.327206135464e+000  
  9.543018337679e-004  ,1.326484612451e+000  
  9.553018566561e-004  ,1.325662433409e+000  
  9.563018795442e-004  ,1.324938573614e+000  
  9.573019024324e-004  ,1.324261654026e+000  
  9.583019253206e-004  ,1.323535617454e+000  
  9.593019482088e-004  ,1.322741016544e+000  
  9.603019710970e-004  ,1.322012860826e+000  
  9.613019939852e-004  ,1.321249708711e+000  
  9.623020168733e-004  ,1.320585487697e+000  
  9.633020397615e-004  ,1.319784678704e+000  
  9.643020626497e-004  ,1.319118572764e+000  
  9.653020855379e-004  ,1.318344145626e+000  
  9.663021084261e-004  ,1.317606723013e+000  
  9.673021313143e-004  ,1.316868430284e+000  
  9.683021542024e-004  ,1.316140278381e+000  
  9.693021770906e-004  ,1.315402142983e+000  
  9.703021999788e-004  ,1.314563782012e+000  
  9.713022228670e-004  ,1.313824092879e+000  
  9.723022457552e-004  ,1.313132414593e+000  
  9.733022686434e-004  ,1.312391335013e+000  
  9.743022915316e-004  ,1.311582667963e+000  
  9.753023144197e-004  ,1.310840265197e+000  
  9.763023373079e-004  ,1.310119574701e+000  
  9.773023601961e-004  ,1.309375982971e+000  
  9.783023830843e-004  ,1.308635255949e+000  
  9.793024059725e-004  ,1.307821766845e+000  
  9.803024288607e-004  ,1.307061062977e+000  
  9.813024517488e-004  ,1.306365516108e+000  
  9.823024746370e-004  ,1.305603898347e+000  
  9.833024975252e-004  ,1.304814753139e+000  
  9.843025204134e-004  ,1.304052291764e+000  
  9.853025433016e-004  ,1.303282755747e+000  
  9.863025661898e-004  ,1.302587670739e+000  
  9.873025890779e-004  ,1.301837869284e+000  
  9.883026119661e-004  ,1.301020008575e+000  
  9.893026348543e-004  ,1.300269625372e+000  
  9.903026577425e-004  ,1.299545853979e+000  
  9.913026806307e-004  ,1.298795025715e+000  
  9.923027035189e-004  ,1.298050145258e+000  
  9.933027264070e-004  ,1.297228314472e+000  
  9.943027492952e-004  ,1.296462381663e+000  
  9.953027721834e-004  ,1.295765641816e+000  
  9.963027950716e-004  ,1.294999540491e+000  
  9.973028179598e-004  ,1.294205351855e+000  
  9.983028408480e-004  ,1.293439150171e+000  
  9.993028637361e-004  ,1.292666305133e+000  
  1.000000000000e-003  ,1.292199138017e+000  
